id,binary_label
0,1
1,1
2,0
3,0
4,0
5,1
6,1
7,1
8,1
9,1
10,0
11,1
12,1
13,0
14,0
15,1
16,1
17,0
18,0
19,1
20,1
21,1
22,1
23,1
24,0
25,0
26,1
27,0
28,0
29,0
30,0
31,1
32,1
33,1
34,0
35,1
36,0
37,1
38,0
39,1
40,0
41,0
42,1
43,1
44,0
45,1
46,1
47,1
48,0
49,1
50,1
51,0
52,0
53,1
54,0
55,0
56,1
57,1
58,1
59,1
60,1
61,1
62,1
63,0
64,1
65,0
66,0
67,0
68,0
69,0
70,0
71,0
72,0
73,0
74,0
75,0
76,1
77,0
78,0
79,1
80,1
81,0
82,0
83,0
84,0
85,1
86,1
87,0
88,0
89,0
90,1
91,1
92,0
93,1
94,0
95,1
96,0
97,0
98,0
99,1
100,1
101,0
102,1
103,0
104,0
105,1
106,0
107,0
108,1
109,0
110,1
111,0
112,0
113,1
114,1
115,1
116,0
117,0
118,1
119,1
120,1
121,1
122,1
123,0
124,0
125,0
126,0
127,1
128,0
129,1
130,0
131,1
132,1
133,0
134,0
135,1
136,1
137,0
138,0
139,0
140,1
141,1
142,1
143,0
144,0
145,0
146,1
147,1
148,1
149,0
150,0
151,1
152,1
153,1
154,0
155,1
156,0
157,0
158,0
159,1
160,0
161,0
162,1
163,0
164,0
165,1
166,1
167,1
168,1
169,1
170,0
171,1
172,0
173,1
174,1
175,0
176,0
177,0
178,0
179,0
180,1
181,0
182,0
183,1
184,0
185,1
186,1
187,1
188,1
189,0
190,0
191,0
192,1
193,0
194,0
195,0
196,1
197,0
198,1
199,0
200,1
201,1
202,1
203,0
204,1
205,0
206,0
207,0
208,0
209,0
210,1
211,0
212,0
213,1
214,0
215,1
216,1
217,1
218,0
219,1
220,0
221,1
222,0
223,0
224,0
225,1
226,1
227,0
228,1
229,0
230,0
231,0
232,1
233,1
234,1
235,1
236,1
237,1
238,0
239,0
240,0
241,0
242,0
243,1
244,1
245,0
246,0
247,0
248,1
249,1
250,0
251,0
252,0
253,1
254,0
255,0
256,1
257,0
258,0
259,1
260,1
261,0
262,1
263,0
264,1
265,1
266,1
267,0
268,0
269,1
270,1
271,0
272,1
273,1
274,0
275,1
276,1
277,0
278,1
279,1
280,1
281,1
282,0
283,0
284,0
285,1
286,1
287,1
288,1
289,0
290,1
291,1
292,0
293,0
294,1
295,0
296,1
297,1
298,1
299,0
300,1
301,0
302,1
303,1
304,0
305,0
306,1
307,0
308,1
309,0
310,0
311,0
312,0
313,0
314,1
315,0
316,0
317,1
318,0
319,0
320,1
321,0
322,1
323,1
324,1
325,1
326,0
327,0
328,0
329,1
330,1
331,1
332,0
333,1
334,1
335,0
336,1
337,0
338,0
339,1
340,1
341,1
342,0
343,0
344,1
345,0
346,0
347,0
348,0
349,1
350,0
351,0
352,1
353,1
354,0
355,1
356,0
357,0
358,0
359,1
360,0
361,0
362,0
363,1
364,1
365,1
366,0
367,0
368,0
369,0
370,0
371,0
372,0
373,1
374,0
375,0
376,1
377,1
378,1
379,1
380,0
381,1
382,1
383,0
384,0
385,0
386,0
387,1
388,1
389,1
390,1
391,1
392,0
393,1
394,0
395,1
396,0
397,0
398,1
399,1
400,1
401,0
402,0
403,0
404,0
405,1
406,1
407,0
408,0
409,1
410,1
411,0
412,0
413,0
414,0
415,1
416,1
417,1
418,0
419,0
420,0
421,1
422,1
423,1
424,1
425,0
426,0
427,1
428,1
429,1
430,1
431,1
432,0
433,1
434,0
435,0
436,1
437,1
438,0
439,0
440,0
441,1
442,1
443,1
444,1
445,0
446,1
447,0
448,0
449,0
450,0
451,0
452,1
453,0
454,0
455,0
456,1
457,1
458,1
459,1
460,1
461,1
462,0
463,1
464,1
465,1
466,0
467,1
468,0
469,0
470,1
471,1
472,0
473,0
474,0
475,0
476,0
477,1
478,1
479,0
480,0
481,0
482,0
483,1
484,1
485,0
486,1
487,0
488,0
489,0
490,0
491,1
492,1
493,0
494,1
495,0
496,0
497,0
498,0
499,0
500,0
501,1
502,0
503,1
504,0
505,0
506,1
507,1
508,0
509,0
510,0
511,1
512,0
513,1
514,0
515,0
516,0
517,1
518,1
519,0
520,1
521,0
522,1
523,0
524,0
525,0
526,0
527,0
528,1
529,1
530,0
531,1
532,1
533,1
534,0
535,1
536,0
537,0
538,0
539,0
540,0
541,0
542,0
543,0
544,1
545,1
546,1
547,0
548,0
549,0
550,1
551,0
552,1
553,1
554,1
555,0
556,0
557,1
558,0
559,0
560,0
561,0
562,0
563,0
564,1
565,1
566,0
567,0
568,1
569,1
570,1
571,1
572,0
573,0
574,0
575,0
576,0
577,0
578,1
579,0
580,0
581,0
582,1
583,0
584,1
585,0
586,1
587,1
588,1
589,1
590,1
591,1
592,1
593,1
594,1
595,1
596,1
597,0
598,1
599,1
600,0
601,1
602,0
603,0
604,0
605,1
606,1
607,1
608,1
609,1
610,0
611,0
612,1
613,0
614,1
615,1
616,0
617,0
618,0
619,1
620,1
621,1
622,0
623,0
624,1
625,1
626,0
627,1
628,1
629,0
630,0
631,0
632,1
633,0
634,0
635,1
636,0
637,0
638,1
639,0
640,1
641,1
642,1
643,1
644,1
645,0
646,0
647,1
648,1
649,0
650,0
651,0
652,0
653,0
654,0
655,1
656,1
657,1
658,0
659,1
660,1
661,1
662,0
663,0
664,1
665,1
666,0
667,1
668,1
669,0
670,1
671,0
672,1
673,1
674,0
675,0
676,1
677,1
678,1
679,1
680,0
681,1
682,1
683,0
684,1
685,1
686,1
687,0
688,0
689,0
690,1
691,0
692,1
693,0
694,1
695,0
696,0
697,0
698,0
699,1
700,0
701,0
702,0
703,1
704,0
705,0
706,0
707,0
708,0
709,0
710,0
711,0
712,1
713,1
714,1
715,1
716,0
717,0
718,0
719,0
720,0
721,1
722,1
723,0
724,1
725,0
726,1
727,1
728,1
729,0
730,1
731,1
732,0
733,1
734,1
735,1
736,1
737,0
738,0
739,0
740,1
741,1
742,0
743,0
744,0
745,1
746,0
747,1
748,0
749,1
750,0
751,1
752,0
753,0
754,0
755,1
756,1
757,1
758,1
759,0
760,1
761,0
762,1
763,1
764,0
765,0
766,1
767,1
768,0
769,0
770,0
771,1
772,0
773,0
774,0
775,0
776,1
777,1
778,1
779,0
780,1
781,0
782,0
783,1
784,0
785,1
786,0
787,1
788,1
789,1
790,1
791,0
792,1
793,1
794,1
795,0
796,1
797,1
798,1
799,1
800,1
801,0
802,1
803,1
804,0
805,0
806,0
807,0
808,0
809,1
810,0
811,1
812,0
813,0
814,1
815,1
816,1
817,0
818,0
819,1
820,0
821,0
822,1
823,0
824,0
825,0
826,0
827,0
828,0
829,1
830,0
831,1
832,1
833,1
834,1
835,0
836,1
837,0
838,0
839,1
840,1
841,1
842,1
843,1
844,1
845,1
846,0
847,0
848,0
849,1
850,1
851,1
852,1
853,1
854,0
855,0
856,0
857,1
858,1
859,1
860,0
861,0
862,0
863,1
864,0
865,1
866,1
867,1
868,0
869,1
870,0
871,1
872,1
873,1
874,1
875,0
876,1
877,0
878,0
879,0
880,0
881,1
882,1
883,0
884,0
885,0
886,0
887,0
888,1
889,1
890,1
891,1
892,1
893,0
894,1
895,0
896,0
897,0
898,1
899,0
900,1
901,0
902,1
903,0
904,0
905,1
906,1
907,0
908,0
909,0
910,1
911,1
912,0
913,0
914,1
915,0
916,1
917,0
918,1
919,0
920,0
921,1
922,1
923,1
924,1
925,1
926,0
927,0
928,1
929,0
930,0
931,0
932,0
933,0
934,1
935,0
936,0
937,0
938,0
939,0
940,1
941,0
942,1
943,0
944,0
945,1
946,1
947,1
948,0
949,0
950,1
951,1
952,0
953,1
954,1
955,1
956,1
957,0
958,1
959,0
960,1
961,0
962,0
963,1
964,1
965,1
966,0
967,0
968,0
969,1
970,0
971,0
972,0
973,0
974,1
975,1
976,1
977,1
978,0
979,0
980,0
981,0
982,0
983,1
984,0
985,0
986,1
987,0
988,0
989,0
990,0
991,0
992,0
993,0
994,1
995,1
996,1
997,0
998,0
999,0
1000,0
1001,1
1002,1
1003,0
1004,1
1005,0
1006,1
1007,0
1008,0
1009,1
1010,1
1011,1
1012,1
1013,0
1014,0
1015,1
1016,0
1017,0
1018,1
1019,0
1020,0
1021,1
1022,0
1023,1
1024,0
1025,1
1026,1
1027,0
1028,1
1029,1
1030,1
1031,0
1032,1
1033,0
1034,1
1035,0
1036,0
1037,1
1038,1
1039,1
1040,1
1041,0
1042,1
1043,1
1044,0
1045,0
1046,0
1047,1
1048,1
1049,0
1050,0
1051,0
1052,1
1053,1
1054,0
1055,1
1056,1
1057,0
1058,0
1059,0
1060,1
1061,1
1062,1
1063,0
1064,0
1065,0
1066,0
1067,1
1068,0
1069,0
1070,0
1071,1
1072,0
1073,1
1074,1
1075,0
1076,0
1077,0
1078,0
1079,0
1080,1
1081,1
1082,0
1083,0
1084,1
1085,0
1086,1
1087,1
1088,1
1089,1
1090,1
1091,1
1092,0
1093,1
1094,0
1095,0
1096,0
1097,1
1098,1
1099,1
1100,0
1101,1
1102,1
1103,0
1104,0
1105,1
1106,0
1107,0
1108,0
1109,1
1110,1
1111,0
1112,1
1113,1
1114,1
1115,0
1116,0
1117,0
1118,0
1119,0
1120,1
1121,0
1122,1
1123,0
1124,1
1125,1
1126,1
1127,1
1128,0
1129,0
1130,0
1131,1
1132,1
1133,0
1134,0
1135,0
1136,1
1137,1
1138,1
1139,0
1140,0
1141,1
1142,0
1143,1
1144,1
1145,1
1146,0
1147,0
1148,0
1149,1
1150,1
1151,0
1152,0
1153,0
1154,1
1155,1
1156,0
1157,0
1158,0
1159,0
1160,0
1161,1
1162,0
1163,0
1164,0
1165,1
1166,1
1167,0
1168,0
1169,0
1170,1
1171,0
1172,0
1173,0
1174,0
1175,0
1176,0
1177,0
1178,1
1179,1
1180,0
1181,0
1182,1
1183,1
1184,1
1185,0
1186,1
1187,1
1188,1
1189,1
1190,1
1191,0
1192,1
1193,0
1194,1
1195,0
1196,0
1197,1
1198,1
1199,0
1200,0
1201,0
1202,1
1203,1
1204,0
1205,0
1206,0
1207,1
1208,0
1209,1
1210,0
1211,0
1212,1
1213,1
1214,1
1215,0
1216,0
1217,1
1218,0
1219,1
1220,1
1221,1
1222,1
1223,1
1224,0
1225,1
1226,0
1227,1
1228,0
1229,0
1230,0
1231,0
1232,0
1233,0
1234,1
1235,1
1236,1
1237,0
1238,0
1239,1
1240,0
1241,0
1242,1
1243,0
1244,1
1245,0
1246,1
1247,1
1248,0
1249,1
1250,0
1251,0
1252,1
1253,0
1254,0
1255,1
1256,0
1257,0
1258,1
1259,0
1260,0
1261,1
1262,1
1263,1
1264,1
1265,0
1266,1
1267,0
1268,0
1269,0
1270,0
1271,0
1272,1
1273,0
1274,1
1275,0
1276,0
1277,1
1278,0
1279,1
1280,1
1281,0
1282,0
1283,1
1284,0
1285,1
1286,0
1287,0
1288,0
1289,1
1290,0
1291,0
1292,1
1293,0
1294,1
1295,1
1296,1
1297,0
1298,1
1299,0
1300,1
1301,0
1302,1
1303,0
1304,0
1305,0
1306,1
1307,0
1308,0
1309,0
1310,0
1311,1
1312,0
1313,1
1314,1
1315,0
1316,1
1317,0
1318,1
1319,0
1320,0
1321,1
1322,0
1323,0
1324,1
1325,0
1326,0
1327,0
1328,0
1329,1
1330,1
1331,1
1332,0
1333,1
1334,0
1335,0
1336,1
1337,1
1338,0
1339,0
1340,1
1341,1
1342,0
1343,0
1344,1
1345,1
1346,0
1347,0
1348,1
1349,0
1350,0
1351,0
1352,0
1353,0
1354,0
1355,1
1356,0
1357,0
1358,1
1359,0
1360,1
1361,0
1362,0
1363,0
1364,1
1365,0
1366,1
1367,0
1368,1
1369,0
1370,0
1371,1
1372,0
1373,1
1374,0
1375,0
1376,0
1377,0
1378,0
1379,0
1380,0
1381,1
1382,0
1383,0
1384,0
1385,0
1386,1
1387,1
1388,0
1389,0
1390,0
1391,1
1392,0
1393,1
1394,0
1395,1
1396,1
1397,0
1398,1
1399,0
1400,0
1401,1
1402,0
1403,1
1404,1
1405,0
1406,1
1407,0
1408,0
1409,0
1410,0
1411,1
1412,1
1413,1
1414,1
1415,0
1416,0
1417,0
1418,0
1419,1
1420,0
1421,1
1422,0
1423,0
1424,1
1425,1
1426,1
1427,0
1428,1
1429,0
1430,1
1431,0
1432,0
1433,1
1434,0
1435,1
1436,1
1437,0
1438,1
1439,1
1440,1
1441,0
1442,1
1443,1
1444,1
1445,0
1446,0
1447,0
1448,0
1449,1
1450,1
1451,1
1452,0
1453,0
1454,1
1455,0
1456,0
1457,0
1458,1
1459,0
1460,0
1461,1
1462,1
1463,0
1464,1
1465,0
1466,0
1467,1
1468,0
1469,1
1470,0
1471,0
1472,1
1473,1
1474,0
1475,1
1476,1
1477,0
1478,0
1479,0
1480,1
1481,0
1482,0
1483,1
1484,1
1485,0
1486,1
1487,1
1488,0
1489,0
1490,0
1491,0
1492,1
1493,0
1494,1
1495,0
1496,0
1497,0
1498,0
1499,0
1500,1
1501,0
1502,0
1503,1
1504,1
1505,1
1506,0
1507,1
1508,1
1509,0
1510,0
1511,0
1512,1
1513,0
1514,0
1515,0
1516,1
1517,0
1518,1
1519,1
1520,1
1521,1
1522,1
1523,0
1524,0
1525,0
1526,0
1527,0
1528,0
1529,1
1530,0
1531,1
1532,0
1533,1
1534,1
1535,0
1536,0
1537,0
1538,0
1539,0
1540,1
1541,1
1542,0
1543,1
1544,1
1545,0
1546,0
1547,0
1548,0
1549,0
1550,1
1551,1
1552,1
1553,0
1554,1
1555,1
1556,0
1557,1
1558,1
1559,1
1560,1
1561,1
1562,0
1563,0
1564,0
1565,0
1566,0
1567,1
1568,1
1569,0
1570,1
1571,0
1572,1
1573,0
1574,1
1575,1
1576,1
1577,1
1578,1
1579,0
1580,1
1581,1
1582,0
1583,1
1584,1
1585,0
1586,0
1587,0
1588,0
1589,0
1590,1
1591,0
1592,1
1593,1
1594,0
1595,0
1596,1
1597,1
1598,1
1599,1
1600,0
1601,1
1602,1
1603,1
1604,1
1605,0
1606,1
1607,0
1608,0
1609,1
1610,1
1611,1
1612,1
1613,0
1614,1
1615,0
1616,0
1617,0
1618,0
1619,0
1620,1
1621,0
1622,1
1623,1
1624,1
1625,0
1626,1
1627,1
1628,0
1629,0
1630,1
1631,1
1632,0
1633,0
1634,0
1635,0
1636,1
1637,1
1638,0
1639,1
1640,1
1641,1
1642,0
1643,0
1644,1
1645,0
1646,0
1647,1
1648,1
1649,0
1650,0
1651,1
1652,0
1653,1
1654,1
1655,0
1656,0
1657,0
1658,1
1659,1
1660,0
1661,1
1662,1
1663,1
1664,1
1665,1
1666,0
1667,0
1668,1
1669,0
1670,0
1671,0
1672,1
1673,0
1674,1
1675,0
1676,1
1677,0
1678,1
1679,0
1680,0
1681,0
1682,1
1683,0
1684,1
1685,0
1686,1
1687,0
1688,1
1689,0
1690,0
1691,1
1692,1
1693,1
1694,0
1695,0
1696,1
1697,0
1698,0
1699,0
1700,0
1701,1
1702,0
1703,0
1704,1
1705,0
1706,0
1707,1
1708,1
1709,1
1710,1
1711,1
1712,1
1713,0
1714,0
1715,1
1716,0
1717,0
1718,0
1719,1
1720,1
1721,0
1722,0
1723,1
1724,1
1725,0
1726,1
1727,1
1728,0
1729,1
1730,0
1731,1
1732,0
1733,1
1734,0
1735,0
1736,1
1737,1
1738,0
1739,1
1740,0
1741,0
1742,0
1743,0
1744,1
1745,1
1746,1
1747,0
1748,0
1749,1
1750,1
1751,1
1752,0
1753,1
1754,0
1755,0
1756,0
1757,0
1758,1
1759,0
1760,0
1761,0
1762,0
1763,1
1764,0
1765,0
1766,0
1767,1
1768,1
1769,1
1770,0
1771,0
1772,0
1773,1
1774,1
1775,1
1776,1
1777,1
1778,0
1779,0
1780,0
1781,0
1782,0
1783,0
1784,0
1785,1
1786,0
1787,0
1788,1
1789,0
1790,0
1791,1
1792,0
1793,0
1794,0
1795,1
1796,0
1797,1
1798,0
1799,1
1800,0
1801,0
1802,1
1803,0
1804,1
1805,0
1806,0
1807,0
1808,0
1809,0
1810,1
1811,0
1812,1
1813,0
1814,1
1815,0
1816,1
1817,1
1818,1
1819,1
1820,0
1821,0
1822,0
1823,1
1824,1
1825,1
1826,0
1827,0
1828,1
1829,0
1830,0
1831,1
1832,0
1833,0
1834,1
1835,1
1836,1
1837,0
1838,1
1839,1
1840,1
1841,1
1842,1
1843,0
1844,0
1845,1
1846,1
1847,1
1848,0
1849,1
1850,1
1851,0
1852,0
1853,1
1854,0
1855,1
1856,0
1857,0
1858,0
1859,0
1860,0
1861,0
1862,1
1863,0
1864,0
1865,0
1866,0
1867,0
1868,1
1869,1
1870,1
1871,1
1872,0
1873,1
1874,1
1875,0
1876,0
1877,0
1878,0
1879,1
1880,0
1881,0
1882,1
1883,0
1884,0
1885,0
1886,0
1887,0
1888,0
1889,1
1890,1
1891,0
1892,0
1893,0
1894,1
1895,1
1896,1
1897,0
1898,0
1899,0
1900,0
1901,1
1902,1
1903,0
1904,0
1905,0
1906,1
1907,0
1908,1
1909,0
1910,1
1911,0
1912,0
1913,1
1914,0
1915,0
1916,1
1917,0
1918,0
1919,0
1920,0
1921,1
1922,0
1923,1
1924,0
1925,0
1926,1
1927,0
1928,0
1929,0
1930,1
1931,0
1932,1
1933,0
1934,1
1935,1
1936,0
1937,1
1938,1
1939,1
1940,1
1941,1
1942,1
1943,1
1944,0
1945,0
1946,0
1947,0
1948,1
1949,0
1950,0
1951,1
1952,1
1953,1
1954,1
1955,0
1956,0
1957,1
1958,1
1959,0
1960,0
1961,0
1962,0
1963,0
1964,1
1965,1
1966,0
1967,0
1968,1
1969,0
1970,1
1971,1
1972,1
1973,0
1974,0
1975,1
1976,0
1977,1
1978,0
1979,0
1980,1
1981,1
1982,0
1983,1
1984,0
1985,0
1986,1
1987,0
1988,0
1989,1
1990,0
1991,1
1992,1
1993,0
1994,1
1995,1
1996,0
1997,1
1998,0
1999,0
2000,0
2001,0
2002,1
2003,0
2004,1
2005,0
2006,0
2007,0
2008,0
2009,1
2010,1
2011,0
2012,1
2013,1
2014,0
2015,0
2016,0
2017,0
2018,0
2019,0
2020,0
2021,1
2022,1
2023,1
2024,1
2025,0
2026,1
2027,1
2028,1
2029,0
2030,1
2031,1
2032,1
2033,0
2034,0
2035,1
2036,0
2037,1
2038,0
2039,0
2040,1
2041,1
2042,0
2043,0
2044,0
2045,0
2046,0
2047,1
2048,0
2049,0
2050,1
2051,0
2052,1
2053,0
2054,0
2055,1
2056,1
2057,1
2058,1
2059,1
2060,1
2061,0
2062,1
2063,0
2064,0
2065,1
2066,1
2067,0
2068,1
2069,0
2070,1
2071,0
2072,0
2073,0
2074,0
2075,0
2076,1
2077,1
2078,0
2079,0
2080,1
2081,0
2082,0
2083,1
2084,0
2085,0
2086,0
2087,1
2088,0
2089,1
2090,1
2091,0
2092,0
2093,0
2094,1
2095,0
2096,1
2097,0
2098,0
2099,0
2100,0
2101,0
2102,1
2103,0
2104,1
2105,1
2106,0
2107,1
2108,0
2109,1
2110,0
2111,0
2112,0
2113,1
2114,0
2115,1
2116,0
2117,0
2118,0
2119,0
2120,1
2121,1
2122,1
2123,1
2124,1
2125,1
2126,0
2127,0
2128,1
2129,1
2130,0
2131,1
2132,1
2133,1
2134,1
2135,1
2136,0
2137,0
2138,0
2139,0
2140,0
2141,1
2142,0
2143,0
2144,0
2145,1
2146,0
2147,0
2148,0
2149,1
2150,0
2151,0
2152,0
2153,0
2154,1
2155,1
2156,1
2157,1
2158,0
2159,0
2160,0
2161,0
2162,1
2163,0
2164,1
2165,0
2166,0
2167,1
2168,0
2169,1
2170,1
2171,1
2172,0
2173,0
2174,0
2175,0
2176,1
2177,1
2178,1
2179,1
2180,1
2181,1
2182,0
2183,0
2184,1
2185,1
2186,0
2187,1
2188,1
2189,0
2190,1
2191,0
2192,0
2193,1
2194,0
2195,0
2196,0
2197,0
2198,1
2199,0
2200,0
2201,1
2202,1
2203,1
2204,0
2205,1
2206,1
2207,1
2208,0
2209,1
2210,0
2211,0
2212,0
2213,0
2214,1
2215,0
2216,0
2217,0
2218,1
2219,0
2220,1
2221,0
2222,1
2223,1
2224,0
2225,0
2226,0
2227,0
2228,1
2229,1
2230,0
2231,0
2232,0
2233,0
2234,1
2235,0
2236,1
2237,1
2238,1
2239,0
2240,0
2241,0
2242,0
2243,1
2244,1
2245,1
2246,1
2247,0
2248,0
2249,1
2250,0
2251,1
2252,1
2253,0
2254,0
2255,1
2256,0
2257,0
2258,1
2259,1
2260,0
2261,1
2262,1
2263,0
2264,1
2265,0
2266,0
2267,1
2268,1
2269,0
2270,1
2271,0
2272,0
2273,1
2274,1
2275,1
2276,1
2277,1
2278,0
2279,0
2280,1
2281,1
2282,0
2283,0
2284,0
2285,1
2286,1
2287,0
2288,1
2289,1
2290,1
2291,0
2292,0
2293,1
2294,1
2295,0
2296,1
2297,0
2298,1
2299,1
2300,1
2301,0
2302,0
2303,1
2304,0
2305,0
2306,0
2307,1
2308,0
2309,1
2310,0
2311,0
2312,0
2313,0
2314,1
2315,1
2316,1
2317,0
2318,0
2319,0
2320,0
2321,0
2322,1
2323,0
2324,0
2325,0
2326,0
2327,0
2328,0
2329,1
2330,1
2331,1
2332,0
2333,0
2334,0
2335,0
2336,0
2337,1
2338,1
2339,0
2340,1
2341,0
2342,0
2343,1
2344,0
2345,0
2346,0
2347,0
2348,1
2349,0
2350,0
2351,0
2352,1
2353,0
2354,1
2355,0
2356,1
2357,1
2358,1
2359,0
2360,0
2361,0
2362,0
2363,1
2364,0
2365,0
2366,1
2367,0
2368,1
2369,0
2370,1
2371,0
2372,1
2373,1
2374,0
2375,1
2376,1
2377,0
2378,1
2379,1
2380,0
2381,0
2382,0
2383,1
2384,0
2385,0
2386,1
2387,0
2388,0
2389,0
2390,1
2391,0
2392,0
2393,0
2394,0
2395,1
2396,0
2397,1
2398,1
2399,0
2400,0
2401,0
2402,0
2403,1
2404,1
2405,0
2406,0
2407,0
2408,0
2409,0
2410,0
2411,0
2412,0
2413,0
2414,0
2415,0
2416,1
2417,0
2418,1
2419,0
2420,0
2421,0
2422,1
2423,1
2424,0
2425,0
2426,1
2427,1
2428,1
2429,0
2430,1
2431,1
2432,0
2433,0
2434,0
2435,0
2436,0
2437,1
2438,0
2439,0
2440,0
2441,1
2442,0
2443,0
2444,1
2445,1
2446,1
2447,0
2448,1
2449,0
2450,1
2451,1
2452,1
2453,0
2454,0
2455,0
2456,0
2457,0
2458,0
2459,0
2460,1
2461,1
2462,0
2463,1
2464,1
2465,1
2466,1
2467,0
2468,0
2469,1
2470,1
2471,0
2472,1
2473,1
2474,0
2475,1
2476,0
2477,1
2478,0
2479,1
2480,0
2481,0
2482,0
2483,0
2484,1
2485,0
2486,0
2487,1
2488,1
2489,0
2490,0
2491,0
2492,0
2493,1
2494,0
2495,1
2496,0
2497,0
2498,1
2499,0
2500,1
2501,1
2502,0
2503,1
2504,1
2505,0
2506,1
2507,1
2508,0
2509,0
2510,0
2511,0
2512,1
2513,1
2514,1
2515,0
2516,1
2517,1
2518,1
2519,1
2520,0
2521,0
2522,0
2523,1
2524,0
2525,0
2526,0
2527,0
2528,0
2529,1
2530,1
2531,0
2532,0
2533,1
2534,1
2535,1
2536,1
2537,1
2538,0
2539,0
2540,0
2541,0
2542,0
2543,0
2544,0
2545,1
2546,0
2547,0
2548,1
2549,0
2550,1
2551,1
2552,0
2553,0
2554,0
2555,1
2556,0
2557,1
2558,0
2559,1
2560,1
2561,1
2562,0
2563,1
2564,0
2565,0
2566,1
2567,0
2568,0
2569,0
2570,1
2571,1
2572,0
2573,1
2574,1
2575,0
2576,1
2577,1
2578,1
2579,0
2580,0
2581,1
2582,1
2583,1
2584,0
2585,0
2586,0
2587,0
2588,0
2589,1
2590,0
2591,0
2592,0
2593,0
2594,0
2595,0
2596,1
2597,0
2598,1
2599,0
2600,0
2601,0
2602,0
2603,0
2604,0
2605,0
2606,0
2607,1
2608,0
2609,0
2610,0
2611,0
2612,1
2613,0
2614,1
2615,1
2616,0
2617,1
2618,1
2619,1
2620,0
2621,0
2622,1
2623,0
2624,1
2625,0
2626,0
2627,0
2628,0
2629,0
2630,1
2631,1
2632,1
2633,1
2634,0
2635,0
2636,0
2637,0
2638,1
2639,0
2640,1
2641,0
2642,1
2643,0
2644,1
2645,1
2646,1
2647,0
2648,0
2649,1
2650,0
2651,1
2652,1
2653,1
2654,0
2655,0
2656,1
2657,0
2658,1
2659,1
2660,0
2661,1
2662,0
2663,0
2664,0
2665,0
2666,0
2667,1
2668,0
2669,0
2670,1
2671,1
2672,1
2673,0
2674,1
2675,0
2676,0
2677,0
2678,0
2679,0
2680,0
2681,0
2682,1
2683,0
2684,1
2685,0
2686,1
2687,1
2688,1
2689,0
2690,0
2691,1
2692,1
2693,1
2694,0
2695,1
2696,1
2697,0
2698,0
2699,0
2700,0
2701,0
2702,1
2703,1
2704,0
2705,0
2706,0
2707,0
2708,0
2709,0
2710,1
2711,1
2712,1
2713,0
2714,0
2715,0
2716,0
2717,1
2718,0
2719,1
2720,1
2721,1
2722,0
2723,0
2724,0
2725,0
2726,0
2727,0
2728,1
2729,0
2730,1
2731,0
2732,1
2733,0
2734,1
2735,0
2736,1
2737,1
2738,1
2739,1
2740,1
2741,0
2742,0
2743,1
2744,0
2745,1
2746,1
2747,1
2748,1
2749,1
2750,1
2751,0
2752,1
2753,1
2754,0
2755,1
2756,0
2757,1
2758,0
2759,0
2760,0
2761,1
2762,0
2763,1
2764,1
2765,0
2766,1
2767,0
2768,0
2769,0
2770,0
2771,1
2772,0
2773,1
2774,0
2775,0
2776,1
2777,1
2778,0
2779,1
2780,0
2781,0
2782,0
2783,1
2784,0
2785,0
2786,0
2787,0
2788,0
2789,1
2790,1
2791,1
2792,0
2793,1
2794,0
2795,1
2796,0
2797,0
2798,1
2799,0
2800,0
2801,1
2802,0
2803,1
2804,1
2805,0
2806,0
2807,1
2808,0
2809,1
2810,1
2811,0
2812,0
2813,0
2814,0
2815,0
2816,1
2817,1
2818,1
2819,1
2820,0
2821,0
2822,0
2823,0
2824,0
2825,0
2826,0
2827,1
2828,1
2829,1
2830,1
2831,0
2832,1
2833,0
2834,1
2835,0
2836,1
2837,0
2838,1
2839,1
2840,0
2841,1
2842,0
2843,1
2844,1
2845,0
2846,0
2847,0
2848,0
2849,0
2850,0
2851,0
2852,0
2853,1
2854,1
2855,1
2856,1
2857,1
2858,1
2859,0
2860,0
2861,0
2862,1
2863,1
2864,0
2865,0
2866,0
2867,1
2868,1
2869,1
2870,1
2871,0
2872,1
2873,0
2874,1
2875,0
2876,1
2877,0
2878,1
2879,0
2880,1
2881,1
2882,1
2883,0
2884,0
2885,0
2886,0
2887,0
2888,0
2889,1
2890,0
2891,0
2892,0
2893,1
2894,1
2895,0
2896,0
2897,1
2898,0
2899,1
2900,0
2901,0
2902,1
2903,0
2904,1
2905,0
2906,0
2907,0
2908,1
2909,1
2910,1
2911,1
2912,1
2913,0
2914,1
2915,1
2916,0
2917,0
2918,1
2919,1
2920,0
2921,1
2922,1
2923,1
2924,0
2925,1
2926,0
2927,0
2928,1
2929,0
2930,1
2931,0
2932,0
2933,1
2934,0
2935,1
2936,0
2937,1
2938,0
2939,0
2940,0
2941,1
2942,0
2943,0
2944,0
2945,0
2946,0
2947,0
2948,1
2949,1
2950,0
2951,0
2952,0
2953,1
2954,0
2955,0
2956,0
2957,1
2958,0
2959,0
2960,0
2961,1
2962,1
2963,1
2964,0
2965,1
2966,0
2967,1
2968,1
2969,1
2970,0
2971,1
2972,1
2973,0
2974,1
2975,1
2976,1
2977,0
2978,1
2979,0
2980,0
2981,1
2982,0
2983,0
2984,0
2985,1
2986,1
2987,1
2988,1
2989,1
2990,1
2991,0
2992,1
2993,1
2994,1
2995,0
2996,0
2997,1
2998,1
2999,1
3000,0
3001,0
3002,1
3003,0
3004,0
3005,1
3006,0
3007,0
3008,1
3009,1
3010,1
3011,0
3012,0
3013,0
3014,0
3015,0
3016,0
3017,0
3018,1
3019,1
3020,1
3021,0
3022,0
3023,1
3024,0
3025,1
3026,0
3027,0
3028,1
3029,0
3030,1
3031,1
3032,0
3033,1
3034,0
3035,1
3036,0
3037,0
3038,0
3039,0
3040,0
3041,0
3042,1
3043,0
3044,1
3045,0
3046,0
3047,1
3048,0
3049,1
3050,1
3051,0
3052,0
3053,1
3054,0
3055,0
3056,1
3057,0
3058,0
3059,0
3060,1
3061,0
3062,0
3063,1
3064,0
3065,0
3066,0
3067,0
3068,0
3069,0
3070,1
3071,0
3072,1
3073,0
3074,0
3075,1
3076,1
3077,0
3078,1
3079,0
3080,1
3081,0
3082,1
3083,1
3084,0
3085,0
3086,1
3087,0
3088,1
3089,1
3090,1
3091,1
3092,0
3093,1
3094,1
3095,0
3096,1
3097,1
3098,1
3099,1
3100,1
3101,1
3102,0
3103,0
3104,0
3105,0
3106,0
3107,0
3108,0
3109,1
3110,1
3111,0
3112,0
3113,0
3114,0
3115,0
3116,1
3117,0
3118,0
3119,1
3120,1
3121,1
3122,1
3123,0
3124,0
3125,1
3126,0
3127,1
3128,0
3129,0
3130,1
3131,0
3132,1
3133,0
3134,1
3135,0
3136,0
3137,1
3138,1
3139,1
3140,1
3141,0
3142,0
3143,1
3144,0
3145,1
3146,0
3147,1
3148,0
3149,0
3150,1
3151,1
3152,1
3153,0
3154,1
3155,1
3156,1
3157,1
3158,1
3159,0
3160,1
3161,1
3162,0
3163,1
3164,1
3165,1
3166,1
3167,0
3168,1
3169,1
3170,0
3171,1
3172,1
3173,1
3174,0
3175,0
3176,0
3177,0
3178,0
3179,1
3180,1
3181,0
3182,0
3183,0
3184,1
3185,1
3186,1
3187,0
3188,0
3189,0
3190,0
3191,0
3192,1
3193,0
3194,0
3195,0
3196,0
3197,0
3198,1
3199,1
3200,1
3201,0
3202,1
3203,1
3204,1
3205,0
3206,0
3207,1
3208,1
3209,1
3210,0
3211,1
3212,1
3213,1
3214,0
3215,0
3216,1
3217,0
3218,0
3219,0
3220,0
3221,0
3222,0
3223,0
3224,1
3225,1
3226,1
3227,0
3228,1
3229,1
3230,0
3231,0
3232,1
3233,0
3234,1
3235,1
3236,1
3237,0
3238,1
3239,1
3240,0
3241,0
3242,0
3243,0
3244,0
3245,1
3246,0
3247,1
3248,0
3249,1
3250,0
3251,0
3252,1
3253,0
3254,1
3255,1
3256,0
3257,0
3258,0
3259,0
3260,0
3261,1
3262,1
3263,0
3264,1
3265,0
3266,0
3267,0
3268,1
3269,1
3270,0
3271,1
3272,0
3273,1
3274,1
3275,0
3276,1
3277,1
3278,0
3279,1
3280,1
3281,0
3282,0
3283,1
3284,0
3285,0
3286,1
3287,1
3288,1
3289,1
3290,0
3291,0
3292,1
3293,0
3294,1
3295,0
3296,0
3297,1
3298,1
3299,1
3300,0
3301,1
3302,1
3303,0
3304,1
3305,0
3306,1
3307,0
3308,0
3309,0
3310,1
3311,1
3312,1
3313,0
3314,1
3315,0
3316,1
3317,1
3318,0
3319,0
3320,1
3321,1
3322,1
3323,0
3324,0
3325,1
3326,1
3327,0
3328,1
3329,1
3330,1
3331,1
3332,0
3333,1
3334,1
3335,1
3336,0
3337,0
3338,0
3339,0
3340,1
3341,1
3342,0
3343,0
3344,1
3345,0
3346,1
3347,0
3348,0
3349,0
3350,1
3351,0
3352,1
3353,1
3354,0
3355,0
3356,1
3357,0
3358,1
3359,1
3360,0
3361,0
3362,1
3363,1
3364,1
3365,0
3366,1
3367,0
3368,0
3369,0
3370,1
3371,1
3372,1
3373,0
3374,0
3375,0
3376,0
3377,0
3378,0
3379,0
3380,0
3381,1
3382,0
3383,1
3384,1
3385,0
3386,0
3387,0
3388,0
3389,0
3390,1
3391,1
3392,0
3393,0
3394,0
3395,1
3396,0
3397,1
3398,1
3399,0
3400,1
3401,0
3402,0
3403,1
3404,1
3405,1
3406,0
3407,1
3408,1
3409,0
3410,0
3411,0
3412,1
3413,0
3414,1
3415,0
3416,0
3417,1
3418,0
3419,0
3420,1
3421,1
3422,1
3423,0
3424,0
3425,0
3426,0
3427,1
3428,1
3429,0
3430,1
3431,0
3432,1
3433,1
3434,0
3435,1
3436,1
3437,1
3438,1
3439,0
3440,1
3441,0
3442,0
3443,0
3444,1
3445,0
3446,1
3447,0
3448,1
3449,0
3450,1
3451,0
3452,1
3453,1
3454,0
3455,0
3456,0
3457,1
3458,1
3459,0
3460,1
3461,0
3462,1
3463,0
3464,1
3465,1
3466,0
3467,1
3468,0
3469,0
3470,1
3471,0
3472,1
3473,0
3474,0
3475,0
3476,1
3477,1
3478,0
3479,1
3480,1
3481,0
3482,1
3483,1
3484,0
3485,0
3486,0
3487,1
3488,0
3489,1
3490,1
3491,1
3492,0
3493,0
3494,0
3495,1
3496,1
3497,0
3498,0
3499,1
3500,0
3501,1
3502,0
3503,0
3504,0
3505,0
3506,0
3507,0
3508,0
3509,1
3510,0
3511,0
3512,1
3513,0
3514,0
3515,0
3516,1
3517,1
3518,0
3519,1
3520,1
3521,0
3522,0
3523,0
3524,0
3525,0
3526,0
3527,0
3528,0
3529,1
3530,0
3531,1
3532,0
3533,0
3534,1
3535,0
3536,1
3537,0
3538,1
3539,0
3540,1
3541,1
3542,1
3543,1
3544,0
3545,0
3546,0
3547,1
3548,0
3549,0
3550,0
3551,1
3552,0
3553,1
3554,0
3555,0
3556,0
3557,1
3558,0
3559,1
3560,1
3561,0
3562,0
3563,1
3564,0
3565,0
3566,0
3567,0
3568,0
3569,0
3570,1
3571,1
3572,0
3573,0
3574,0
3575,0
3576,1
3577,0
3578,1
3579,1
3580,1
3581,0
3582,0
3583,1
3584,1
3585,0
3586,0
3587,1
3588,0
3589,0
3590,0
3591,0
3592,1
3593,1
3594,1
3595,0
3596,1
3597,1
3598,1
3599,1
3600,1
3601,0
3602,1
3603,1
3604,1
3605,0
3606,0
3607,1
3608,0
3609,0
3610,0
3611,0
3612,1
3613,1
3614,1
3615,1
3616,1
3617,1
3618,0
3619,0
3620,1
3621,1
3622,0
3623,1
3624,1
3625,1
3626,1
3627,0
3628,0
3629,0
3630,1
3631,1
3632,0
3633,1
3634,0
3635,1
3636,1
3637,1
3638,1
3639,0
3640,0
3641,0
3642,1
3643,0
3644,1
3645,1
3646,1
3647,0
3648,1
3649,0
3650,1
3651,0
3652,0
3653,0
3654,1
3655,0
3656,0
3657,0
3658,0
3659,0
3660,0
3661,0
3662,0
3663,0
3664,0
3665,1
3666,0
3667,1
3668,0
3669,1
3670,0
3671,1
3672,0
3673,0
3674,1
3675,0
3676,1
3677,0
3678,0
3679,0
3680,1
3681,1
3682,0
3683,1
3684,0
3685,0
3686,0
3687,0
3688,1
3689,0
3690,0
3691,1
3692,0
3693,0
3694,0
3695,1
3696,1
3697,0
3698,0
3699,0
3700,1
3701,0
3702,0
3703,0
3704,1
3705,1
3706,0
3707,0
3708,0
3709,1
3710,0
3711,1
3712,0
3713,0
3714,0
3715,0
3716,0
3717,0
3718,1
3719,0
3720,0
3721,0
3722,1
3723,0
3724,0
3725,0
3726,0
3727,1
3728,1
3729,0
3730,1
3731,1
3732,1
3733,0
3734,1
3735,0
3736,1
3737,0
3738,0
3739,1
3740,0
3741,0
3742,1
3743,1
3744,1
3745,1
3746,1
3747,0
3748,1
3749,1
3750,1
3751,0
3752,1
3753,0
3754,0
3755,1
3756,1
3757,1
3758,0
3759,1
3760,0
3761,0
3762,1
3763,0
3764,1
3765,1
3766,1
3767,0
3768,1
3769,0
3770,1
3771,1
3772,0
3773,1
3774,0
3775,0
3776,0
3777,1
3778,0
3779,1
3780,1
3781,0
3782,0
3783,1
3784,1
3785,1
3786,1
3787,1
3788,0
3789,1
3790,1
3791,0
3792,0
3793,0
3794,1
3795,1
3796,1
3797,0
3798,1
3799,0
3800,1
3801,0
3802,0
3803,0
3804,0
3805,1
3806,0
3807,0
3808,1
3809,1
3810,1
3811,0
3812,0
3813,1
3814,1
3815,1
3816,0
3817,1
3818,0
3819,0
3820,1
3821,0
3822,1
3823,0
3824,0
3825,0
3826,1
3827,1
3828,1
3829,1
3830,1
3831,0
3832,1
3833,0
3834,0
3835,1
3836,1
3837,1
3838,1
3839,1
3840,0
3841,0
3842,1
3843,0
3844,0
3845,1
3846,0
3847,0
3848,0
3849,0
3850,0
3851,0
3852,1
3853,1
3854,1
3855,0
3856,1
3857,1
3858,1
3859,0
3860,1
3861,1
3862,1
3863,1
3864,0
3865,1
3866,0
3867,0
3868,0
3869,1
3870,1
3871,1
3872,0
3873,1
3874,0
3875,1
3876,0
3877,0
3878,0
3879,0
3880,0
3881,1
3882,0
3883,0
3884,1
3885,1
3886,1
3887,0
3888,1
3889,0
3890,1
3891,0
3892,1
3893,1
3894,1
3895,1
3896,1
3897,0
3898,1
3899,1
3900,1
3901,0
3902,1
3903,1
3904,0
3905,0
3906,0
3907,0
3908,1
3909,1
3910,1
3911,0
3912,1
3913,0
3914,1
3915,0
3916,0
3917,1
3918,0
3919,1
3920,0
3921,0
3922,1
3923,1
3924,1
3925,1
3926,0
3927,0
3928,0
3929,0
3930,1
3931,1
3932,0
3933,0
3934,0
3935,1
3936,0
3937,1
3938,0
3939,0
3940,0
3941,0
3942,1
3943,0
3944,0
3945,0
3946,1
3947,0
3948,1
3949,0
3950,1
3951,0
3952,0
3953,0
3954,0
3955,0
3956,0
3957,1
3958,1
3959,0
3960,1
3961,0
3962,1
3963,1
3964,1
3965,0
3966,0
3967,1
3968,1
3969,1
3970,0
3971,1
3972,1
3973,0
3974,0
3975,1
3976,1
3977,0
3978,1
3979,1
3980,0
3981,0
3982,1
3983,0
3984,1
3985,0
3986,0
3987,0
3988,0
3989,0
3990,0
3991,1
3992,0
3993,1
3994,1
3995,1
3996,1
3997,0
3998,0
3999,0
4000,1
4001,0
4002,1
4003,1
4004,1
4005,1
4006,0
4007,0
4008,0
4009,1
4010,1
4011,1
4012,0
4013,1
4014,1
4015,1
4016,0
4017,1
4018,1
4019,0
4020,0
4021,0
4022,0
4023,0
4024,0
4025,0
4026,1
4027,0
4028,1
4029,1
4030,1
4031,1
4032,1
4033,1
4034,0
4035,1
4036,0
4037,0
4038,0
4039,0
4040,1
4041,0
4042,0
4043,0
4044,0
4045,0
4046,1
4047,0
4048,1
4049,0
4050,0
4051,1
4052,0
4053,0
4054,0
4055,0
4056,1
4057,1
4058,0
4059,1
4060,1
4061,0
4062,0
4063,1
4064,0
4065,0
4066,0
4067,0
4068,1
4069,1
4070,0
4071,0
4072,1
4073,0
4074,0
4075,0
4076,0
4077,0
4078,0
4079,0
4080,0
4081,1
4082,0
4083,0
4084,1
4085,0
4086,1
4087,1
4088,1
4089,0
4090,1
4091,0
4092,0
4093,0
4094,0
4095,0
4096,0
4097,0
4098,0
4099,0
4100,0
4101,0
4102,0
4103,1
4104,1
4105,1
4106,1
4107,0
4108,0
4109,1
4110,1
4111,1
4112,1
4113,0
4114,0
4115,1
4116,0
4117,0
4118,0
4119,0
4120,0
4121,0
4122,1
4123,1
4124,1
4125,1
4126,1
4127,1
4128,0
4129,0
4130,0
4131,0
4132,0
4133,0
4134,0
4135,1
4136,0
4137,1
4138,1
4139,0
4140,0
4141,0
4142,1
4143,1
4144,0
4145,0
4146,0
4147,0
4148,1
4149,1
4150,1
4151,0
4152,0
4153,0
4154,1
4155,0
4156,0
4157,1
4158,0
4159,0
4160,0
4161,1
4162,0
4163,0
4164,1
4165,0
4166,1
4167,1
4168,1
4169,0
4170,0
4171,0
4172,0
4173,1
4174,0
4175,1
4176,0
4177,0
4178,0
4179,0
4180,1
4181,1
4182,1
4183,0
4184,0
4185,0
4186,1
4187,1
4188,0
4189,1
4190,0
4191,0
4192,0
4193,0
4194,0
4195,0
4196,0
4197,0
4198,0
4199,1
4200,1
4201,0
4202,0
4203,1
4204,0
4205,1
4206,0
4207,1
4208,1
4209,0
4210,1
4211,0
4212,1
4213,1
4214,0
4215,0
4216,0
4217,0
4218,1
4219,1
4220,1
4221,1
4222,0
4223,1
4224,0
4225,0
4226,1
4227,1
4228,1
4229,1
4230,1
4231,0
4232,0
4233,0
4234,1
4235,0
4236,1
4237,0
4238,1
4239,0
4240,0
4241,0
4242,1
4243,0
4244,1
4245,0
4246,1
4247,0
4248,0
4249,1
4250,1
4251,1
4252,1
4253,1
4254,1
4255,0
4256,1
4257,0
4258,1
4259,1
4260,1
4261,1
4262,0
4263,0
4264,0
4265,0
4266,0
4267,0
4268,1
4269,1
4270,1
4271,0
4272,0
4273,1
4274,0
4275,0
4276,0
4277,0
4278,0
4279,1
4280,1
4281,1
4282,1
4283,0
4284,1
4285,1
4286,1
4287,1
4288,1
4289,0
4290,1
4291,0
4292,0
4293,0
4294,1
4295,1
4296,1
4297,0
4298,1
4299,0
4300,0
4301,0
4302,0
4303,1
4304,1
4305,0
4306,1
4307,1
4308,0
4309,0
4310,0
4311,1
4312,0
4313,0
4314,0
4315,1
4316,1
4317,1
4318,1
4319,1
4320,0
4321,1
4322,1
4323,1
4324,1
4325,1
4326,1
4327,1
4328,0
4329,0
4330,0
4331,0
4332,1
4333,0
4334,0
4335,1
4336,1
4337,0
4338,0
4339,0
4340,1
4341,1
4342,0
4343,0
4344,1
4345,0
4346,1
4347,1
4348,1
4349,0
4350,0
4351,1
4352,0
4353,0
4354,0
4355,1
4356,0
4357,0
4358,1
4359,1
4360,1
4361,0
4362,1
4363,0
4364,0
4365,0
4366,0
4367,1
4368,1
4369,0
4370,0
4371,0
4372,0
4373,0
4374,0
4375,1
4376,1
4377,1
4378,0
4379,1
4380,1
4381,0
4382,0
4383,1
4384,0
4385,1
4386,0
4387,1
4388,1
4389,0
4390,0
4391,0
4392,0
4393,1
4394,0
4395,1
4396,0
4397,0
4398,1
4399,1
4400,0
4401,0
4402,0
4403,0
4404,0
4405,1
4406,0
4407,0
4408,1
4409,1
4410,0
4411,0
4412,0
4413,1
4414,1
4415,0
4416,0
4417,0
4418,0
4419,0
4420,1
4421,0
4422,0
4423,1
4424,1
4425,1
4426,0
4427,0
4428,0
4429,1
4430,0
4431,1
4432,0
4433,1
4434,1
4435,1
4436,1
4437,0
4438,0
4439,0
4440,0
4441,0
4442,1
4443,1
4444,1
4445,0
4446,1
4447,0
4448,1
4449,0
4450,0
4451,0
4452,0
4453,1
4454,1
4455,0
4456,1
4457,0
4458,0
4459,0
4460,0
4461,1
4462,1
4463,0
4464,1
4465,0
4466,0
4467,0
4468,0
4469,1
4470,1
4471,1
4472,1
4473,1
4474,0
4475,0
4476,1
4477,0
4478,1
4479,1
4480,0
4481,0
4482,0
4483,1
4484,0
4485,1
4486,1
4487,1
4488,1
4489,0
4490,0
4491,1
4492,1
4493,1
4494,0
4495,0
4496,0
4497,1
4498,1
4499,1
4500,1
4501,1
4502,0
4503,1
4504,0
4505,0
4506,1
4507,0
4508,0
4509,0
4510,0
4511,1
4512,1
4513,1
4514,0
4515,0
4516,0
4517,0
4518,0
4519,0
4520,0
4521,1
4522,1
4523,1
4524,1
4525,0
4526,0
4527,1
4528,1
4529,1
4530,0
4531,0
4532,0
4533,1
4534,1
4535,1
4536,0
4537,0
4538,1
4539,1
4540,1
4541,1
4542,0
4543,1
4544,1
4545,0
4546,1
4547,1
4548,1
4549,1
4550,0
4551,1
4552,0
4553,0
4554,1
4555,1
4556,0
4557,0
4558,0
4559,0
4560,1
4561,0
4562,0
4563,0
4564,1
4565,0
4566,1
4567,0
4568,0
4569,0
4570,1
4571,0
4572,0
4573,1
4574,1
4575,0
4576,0
4577,0
4578,0
4579,1
4580,0
4581,0
4582,0
4583,0
4584,0
4585,0
4586,0
4587,1
4588,0
4589,1
4590,1
4591,1
4592,0
4593,0
4594,1
4595,1
4596,0
4597,0
4598,0
4599,0
4600,1
4601,0
4602,1
4603,0
4604,1
4605,0
4606,0
4607,1
4608,1
4609,1
4610,0
4611,1
4612,1
4613,0
4614,0
4615,0
4616,1
4617,1
4618,0
4619,1
4620,1
4621,0
4622,0
4623,0
4624,0
4625,0
4626,1
4627,1
4628,1
4629,1
4630,0
4631,1
4632,1
4633,0
4634,1
4635,0
4636,0
4637,0
4638,1
4639,0
4640,0
4641,1
4642,0
4643,1
4644,0
4645,1
4646,1
4647,0
4648,0
4649,0
4650,1
4651,1
4652,0
4653,1
4654,0
4655,1
4656,1
4657,0
4658,1
4659,0
4660,1
4661,0
4662,1
4663,1
4664,0
4665,0
4666,1
4667,1
4668,0
4669,1
4670,1
4671,0
4672,1
4673,1
4674,0
4675,0
4676,1
4677,0
4678,1
4679,0
4680,1
4681,1
4682,0
4683,0
4684,1
4685,1
4686,1
4687,1
4688,1
4689,1
4690,0
4691,0
4692,1
4693,0
4694,1
4695,0
4696,0
4697,0
4698,1
4699,0
4700,0
4701,0
4702,0
4703,1
4704,1
4705,0
4706,0
4707,0
4708,0
4709,0
4710,0
4711,1
4712,0
4713,1
4714,0
4715,1
4716,0
4717,0
4718,0
4719,0
4720,0
4721,0
4722,0
4723,0
4724,1
4725,0
4726,0
4727,0
4728,0
4729,1
4730,1
4731,0
4732,0
4733,0
4734,1
4735,0
4736,1
4737,0
4738,1
4739,0
4740,1
4741,0
4742,0
4743,0
4744,1
4745,0
4746,1
4747,0
4748,0
4749,0
4750,1
4751,1
4752,0
4753,0
4754,0
4755,0
4756,1
4757,1
4758,0
4759,0
4760,1
4761,0
4762,0
4763,0
4764,1
4765,1
4766,0
4767,0
4768,1
4769,1
4770,1
4771,0
4772,1
4773,1
4774,1
4775,0
4776,0
4777,0
4778,1
4779,0
4780,1
4781,0
4782,0
4783,0
4784,0
4785,1
4786,1
4787,1
4788,1
4789,0
4790,1
4791,1
4792,1
4793,1
4794,0
4795,0
4796,0
4797,1
4798,0
4799,1
4800,1
4801,0
4802,0
4803,1
4804,0
4805,0
4806,1
4807,0
4808,0
4809,1
4810,1
4811,0
4812,0
4813,0
4814,1
4815,0
4816,1
4817,1
4818,1
4819,1
4820,1
4821,0
4822,0
4823,1
4824,0
4825,0
4826,0
4827,0
4828,0
4829,1
4830,0
4831,1
4832,1
4833,0
4834,1
4835,1
4836,1
4837,0
4838,0
4839,1
4840,1
4841,1
4842,0
4843,0
4844,0
4845,0
4846,1
4847,1
4848,1
4849,1
4850,1
4851,0
4852,0
4853,0
4854,1
4855,1
4856,1
4857,1
4858,1
4859,1
4860,1
4861,0
4862,0
4863,1
4864,0
4865,1
4866,1
4867,1
4868,1
4869,1
4870,1
4871,1
4872,1
4873,1
4874,1
4875,1
4876,0
4877,1
4878,1
4879,1
4880,0
4881,0
4882,0
4883,0
4884,0
4885,0
4886,1
4887,1
4888,0
4889,0
4890,0
4891,1
4892,0
4893,0
4894,1
4895,0
4896,0
4897,1
4898,0
4899,1
4900,0
4901,0
4902,1
4903,1
4904,1
4905,0
4906,0
4907,0
4908,0
4909,0
4910,0
4911,1
4912,1
4913,0
4914,1
4915,0
4916,1
4917,1
4918,0
4919,1
4920,0
4921,0
4922,1
4923,0
4924,0
4925,1
4926,0
4927,0
4928,1
4929,1
4930,0
4931,0
4932,0
4933,0
4934,0
4935,0
4936,1
4937,1
4938,1
4939,1
4940,0
4941,0
4942,0
4943,1
4944,1
4945,0
4946,0
4947,0
4948,1
4949,0
4950,1
4951,1
4952,0
4953,1
4954,1
4955,0
4956,0
4957,0
4958,0
4959,0
4960,0
4961,0
4962,0
4963,1
4964,1
4965,1
4966,0
4967,0
4968,1
4969,1
4970,0
4971,0
4972,1
4973,1
4974,1
4975,1
4976,0
4977,1
4978,0
4979,0
4980,1
4981,0
4982,1
4983,0
4984,1
4985,1
4986,1
4987,0
4988,0
4989,1
4990,0
4991,1
4992,0
4993,1
4994,0
4995,1
4996,1
4997,0
4998,1
4999,0
5000,1
5001,1
5002,1
5003,0
5004,0
5005,1
5006,1
5007,0
5008,0
5009,1
5010,1
5011,0
5012,1
5013,0
5014,1
5015,1
5016,1
5017,1
5018,1
5019,1
5020,0
5021,0
5022,0
5023,0
5024,0
5025,0
5026,0
5027,0
5028,1
5029,1
5030,0
5031,1
5032,1
5033,1
5034,0
5035,0
5036,1
5037,1
5038,0
5039,0
5040,1
5041,0
5042,0
5043,0
5044,1
5045,0
5046,0
5047,0
5048,0
5049,0
5050,0
5051,0
5052,1
5053,1
5054,0
5055,1
5056,0
5057,1
5058,0
5059,0
5060,0
5061,0
5062,0
5063,0
5064,1
5065,0
5066,1
5067,0
5068,1
5069,1
5070,0
5071,0
5072,0
5073,0
5074,1
5075,0
5076,0
5077,0
5078,0
5079,0
5080,0
5081,0
5082,0
5083,0
5084,0
5085,1
5086,0
5087,0
5088,1
5089,1
5090,0
5091,1
5092,1
5093,1
5094,0
5095,0
5096,1
5097,0
5098,0
5099,1
5100,0
5101,1
5102,0
5103,0
5104,0
5105,0
5106,1
5107,0
5108,0
5109,1
5110,1
5111,0
5112,0
5113,0
5114,0
5115,0
5116,1
5117,0
5118,0
5119,0
5120,1
5121,1
5122,0
5123,0
5124,0
5125,0
5126,1
5127,1
5128,0
5129,0
5130,0
5131,1
5132,0
5133,0
5134,1
5135,1
5136,1
5137,0
5138,1
5139,0
5140,1
5141,1
5142,0
5143,0
5144,0
5145,0
5146,1
5147,1
5148,0
5149,1
5150,1
5151,1
5152,0
5153,1
5154,0
5155,0
5156,0
5157,1
5158,0
5159,1
5160,0
5161,1
5162,0
5163,1
5164,0
5165,1
5166,1
5167,0
5168,0
5169,0
5170,0
5171,1
5172,0
5173,1
5174,1
5175,0
5176,0
5177,1
5178,1
5179,1
5180,1
5181,0
5182,0
5183,0
5184,1
5185,0
5186,0
5187,0
5188,0
5189,1
5190,0
5191,0
5192,0
5193,1
5194,0
5195,0
5196,1
5197,1
5198,0
5199,0
5200,1
5201,0
5202,0
5203,0
5204,0
5205,1
5206,0
5207,1
5208,1
5209,0
5210,1
5211,0
5212,1
5213,0
5214,1
5215,0
5216,1
5217,1
5218,0
5219,0
5220,1
5221,0
5222,1
5223,1
5224,1
5225,1
5226,1
5227,1
5228,0
5229,0
5230,1
5231,0
5232,1
5233,1
5234,0
5235,0
5236,1
5237,0
5238,0
5239,0
5240,1
5241,0
5242,1
5243,1
5244,0
5245,0
5246,0
5247,1
5248,0
5249,0
5250,0
5251,1
5252,0
5253,1
5254,1
5255,0
5256,0
5257,1
5258,0
5259,1
5260,1
5261,0
5262,0
5263,0
5264,0
5265,1
5266,1
5267,1
5268,1
5269,0
5270,1
5271,1
5272,1
5273,0
5274,1
5275,0
5276,1
5277,1
5278,1
5279,1
5280,0
5281,0
5282,0
5283,0
5284,0
5285,0
5286,1
5287,0
5288,1
5289,0
5290,0
5291,1
5292,0
5293,1
5294,0
5295,0
5296,0
5297,1
5298,0
5299,0
5300,1
5301,0
5302,1
5303,0
5304,0
5305,1
5306,0
5307,1
5308,1
5309,1
5310,1
5311,1
5312,0
5313,1
5314,0
5315,1
5316,1
5317,0
5318,1
5319,0
5320,0
5321,0
5322,0
5323,1
5324,0
5325,0
5326,0
5327,0
5328,1
5329,0
5330,1
5331,1
5332,0
5333,1
5334,1
5335,1
5336,0
5337,1
5338,0
5339,0
5340,0
5341,0
5342,0
5343,1
5344,0
5345,0
5346,0
5347,1
5348,1
5349,0
5350,1
5351,1
5352,1
5353,0
5354,1
5355,1
5356,1
5357,1
5358,0
5359,0
5360,0
5361,1
5362,1
5363,1
5364,0
5365,0
5366,0
5367,0
5368,1
5369,1
5370,0
5371,1
5372,1
5373,0
5374,0
5375,1
5376,0
5377,0
5378,0
5379,1
5380,0
5381,0
5382,1
5383,0
5384,1
5385,0
5386,1
5387,1
5388,1
5389,1
5390,1
5391,0
5392,1
5393,1
5394,0
5395,1
5396,1
5397,0
5398,1
5399,0
5400,0
5401,0
5402,1
5403,0
5404,1
5405,0
5406,0
5407,1
5408,0
5409,0
5410,1
5411,0
5412,0
5413,1
5414,0
5415,1
5416,1
5417,1
5418,1
5419,0
5420,0
5421,1
5422,0
5423,0
5424,1
5425,0
5426,1
5427,1
5428,1
5429,1
5430,1
5431,0
5432,0
5433,1
5434,1
5435,1
5436,0
5437,1
5438,0
5439,0
5440,1
5441,1
5442,1
5443,0
5444,1
5445,0
5446,1
5447,0
5448,1
5449,1
5450,0
5451,0
5452,0
5453,1
5454,0
5455,0
5456,1
5457,1
5458,1
5459,1
5460,0
5461,0
5462,0
5463,0
5464,1
5465,0
5466,1
5467,0
5468,1
5469,0
5470,0
5471,0
5472,1
5473,0
5474,0
5475,0
5476,0
5477,1
5478,1
5479,1
5480,0
5481,0
5482,1
5483,0
5484,1
5485,1
5486,0
5487,1
5488,0
5489,1
5490,0
5491,0
5492,0
5493,1
5494,1
5495,0
5496,0
5497,0
5498,0
5499,0
5500,1
5501,0
5502,1
5503,0
5504,0
5505,1
5506,1
5507,1
5508,0
5509,0
5510,0
5511,0
5512,0
5513,1
5514,0
5515,0
5516,1
5517,0
5518,0
5519,1
5520,1
5521,0
5522,1
5523,0
5524,1
5525,0
5526,1
5527,1
5528,1
5529,1
5530,1
5531,0
5532,0
5533,1
5534,0
5535,0
5536,0
5537,0
5538,0
5539,1
5540,0
5541,0
5542,0
5543,0
5544,1
5545,0
5546,0
5547,1
5548,0
5549,0
5550,1
5551,1
5552,0
5553,0
5554,0
5555,1
5556,0
5557,0
5558,1
5559,1
5560,1
5561,0
5562,1
5563,0
5564,0
5565,0
5566,0
5567,0
5568,1
5569,0
5570,1
5571,0
5572,0
5573,1
5574,1
5575,1
5576,0
5577,1
5578,0
5579,1
5580,1
5581,1
5582,1
5583,0
5584,0
5585,0
5586,1
5587,1
5588,0
5589,1
5590,0
5591,0
5592,0
5593,0
5594,1
5595,0
5596,1
5597,0
5598,0
5599,1
5600,0
5601,1
5602,1
5603,1
5604,0
5605,0
5606,1
5607,0
5608,0
5609,0
5610,1
5611,0
5612,0
5613,0
5614,0
5615,1
5616,1
5617,0
5618,1
5619,1
5620,0
5621,0
5622,1
5623,1
5624,1
5625,1
5626,0
5627,1
5628,0
5629,0
5630,0
5631,0
5632,0
5633,0
5634,0
5635,0
5636,1
5637,1
5638,0
5639,0
5640,0
5641,1
5642,0
5643,0
5644,1
5645,0
5646,0
5647,0
5648,0
5649,0
5650,1
5651,0
5652,0
5653,1
5654,0
5655,1
5656,1
5657,1
5658,0
5659,0
5660,1
5661,0
5662,1
5663,1
5664,0
5665,1
5666,1
5667,0
5668,1
5669,1
5670,0
5671,1
5672,0
5673,0
5674,1
5675,0
5676,1
5677,1
5678,1
5679,0
5680,0
5681,0
5682,0
5683,1
5684,1
5685,1
5686,1
5687,0
5688,1
5689,0
5690,1
5691,0
5692,0
5693,0
5694,0
5695,1
5696,0
5697,1
5698,1
5699,0
5700,1
5701,1
5702,0
5703,1
5704,1
5705,1
5706,0
5707,0
5708,1
5709,0
5710,0
5711,0
5712,0
5713,0
5714,1
5715,1
5716,0
5717,0
5718,0
5719,1
5720,0
5721,0
5722,0
5723,0
5724,0
5725,1
5726,0
5727,1
5728,0
5729,0
5730,0
5731,0
5732,0
5733,0
5734,0
5735,1
5736,0
5737,0
5738,0
5739,1
5740,0
5741,1
5742,1
5743,1
5744,1
5745,0
5746,1
5747,0
5748,0
5749,0
5750,1
5751,1
5752,0
5753,0
5754,0
5755,0
5756,0
5757,0
5758,0
5759,1
5760,1
5761,1
5762,0
5763,1
5764,0
5765,1
5766,1
5767,0
5768,0
5769,0
5770,1
5771,1
5772,0
5773,1
5774,1
5775,1
5776,0
5777,0
5778,0
5779,0
5780,1
5781,0
5782,1
5783,0
5784,1
5785,1
5786,1
5787,0
5788,1
5789,0
5790,0
5791,1
5792,1
5793,0
5794,1
5795,1
5796,0
5797,1
5798,0
5799,1
5800,0
5801,1
5802,1
5803,0
5804,1
5805,0
5806,0
5807,0
5808,0
5809,1
5810,0
5811,0
5812,1
5813,0
5814,1
5815,1
5816,1
5817,0
5818,1
5819,0
5820,0
5821,0
5822,0
5823,0
5824,0
5825,1
5826,0
5827,1
5828,1
5829,1
5830,1
5831,0
5832,0
5833,0
5834,0
5835,1
5836,0
5837,1
5838,1
5839,1
5840,1
5841,0
5842,0
5843,1
5844,1
5845,1
5846,0
5847,0
5848,0
5849,0
5850,0
5851,0
5852,0
5853,1
5854,0
5855,0
5856,1
5857,0
5858,0
5859,0
5860,0
5861,1
5862,0
5863,0
5864,0
5865,1
5866,0
5867,1
5868,1
5869,0
5870,1
5871,1
5872,1
5873,1
5874,1
5875,1
5876,1
5877,1
5878,0
5879,0
5880,0
5881,0
5882,0
5883,1
5884,0
5885,1
5886,1
5887,0
5888,0
5889,0
5890,0
5891,0
5892,1
5893,1
5894,0
5895,0
5896,1
5897,0
5898,0
5899,0
5900,0
5901,1
5902,1
5903,0
5904,1
5905,1
5906,0
5907,0
5908,1
5909,0
5910,1
5911,0
5912,0
5913,1
5914,1
5915,1
5916,0
5917,0
5918,1
5919,1
5920,0
5921,0
5922,0
5923,0
5924,0
5925,0
5926,0
5927,0
5928,0
5929,0
5930,0
5931,0
5932,0
5933,1
5934,0
5935,0
5936,0
5937,0
5938,0
5939,0
5940,0
5941,1
5942,0
5943,0
5944,1
5945,1
5946,0
5947,0
5948,1
5949,1
5950,1
5951,0
5952,0
5953,0
5954,0
5955,0
5956,0
5957,1
5958,0
5959,0
5960,0
5961,1
5962,0
5963,0
5964,0
5965,0
5966,0
5967,0
5968,0
5969,1
5970,0
5971,1
5972,1
5973,1
5974,0
5975,0
5976,0
5977,0
5978,0
5979,0
5980,1
5981,1
5982,1
5983,0
5984,0
5985,1
5986,0
5987,0
5988,1
5989,0
5990,1
5991,1
5992,1
5993,1
5994,1
5995,1
5996,1
5997,0
5998,1
5999,0
6000,1
6001,0
6002,1
6003,0
6004,1
6005,1
6006,0
6007,0
6008,0
6009,1
6010,0
6011,1
6012,0
6013,0
6014,0
6015,0
6016,0
6017,0
6018,0
6019,0
6020,0
6021,0
6022,0
6023,0
6024,0
6025,0
6026,0
6027,1
6028,1
6029,0
6030,1
6031,0
6032,0
6033,1
6034,0
6035,1
6036,0
6037,0
6038,1
6039,0
6040,1
6041,1
6042,0
6043,1
6044,1
6045,1
6046,0
6047,0
6048,1
6049,0
6050,0
6051,1
6052,1
6053,0
6054,1
6055,0
6056,0
6057,0
6058,0
6059,0
6060,0
6061,0
6062,0
6063,1
6064,1
6065,0
6066,1
6067,0
6068,0
6069,1
6070,0
6071,0
6072,0
6073,0
6074,0
6075,1
6076,0
6077,0
6078,1
6079,0
6080,0
6081,0
6082,0
6083,1
6084,0
6085,1
6086,0
6087,0
6088,1
6089,0
6090,0
6091,0
6092,0
6093,0
6094,1
6095,0
6096,0
6097,0
6098,0
6099,0
6100,0
6101,0
6102,1
6103,0
6104,1
6105,0
6106,1
6107,0
6108,1
6109,0
6110,0
6111,1
6112,1
6113,0
6114,0
6115,1
6116,0
6117,1
6118,0
6119,1
6120,0
6121,0
6122,0
6123,0
6124,1
6125,0
6126,0
6127,1
6128,0
6129,0
6130,1
6131,0
6132,1
6133,1
6134,0
6135,1
6136,0
6137,1
6138,1
6139,0
6140,0
6141,0
6142,1
6143,0
6144,0
6145,0
6146,1
6147,0
6148,0
6149,0
6150,1
6151,1
6152,1
6153,1
6154,1
6155,1
6156,0
6157,0
6158,0
6159,1
6160,1
6161,0
6162,1
6163,1
6164,1
6165,0
6166,0
6167,1
6168,0
6169,0
6170,0
6171,0
6172,1
6173,1
6174,1
6175,0
6176,0
6177,0
6178,0
6179,0
6180,1
6181,1
6182,0
6183,0
6184,0
6185,0
6186,0
6187,0
6188,0
6189,0
6190,0
6191,1
6192,0
6193,0
6194,1
6195,0
6196,1
6197,0
6198,0
6199,0
6200,0
6201,1
6202,1
6203,0
6204,0
6205,0
6206,1
6207,1
6208,1
6209,0
6210,1
6211,1
6212,1
6213,1
6214,1
6215,1
6216,1
6217,0
6218,1
6219,0
6220,0
6221,0
6222,0
6223,1
6224,1
6225,0
6226,1
6227,0
6228,1
6229,0
6230,1
6231,0
6232,0
6233,1
6234,0
6235,0
6236,1
6237,1
6238,1
6239,0
6240,0
6241,0
6242,1
6243,1
6244,0
6245,1
6246,0
6247,0
6248,0
6249,0
6250,0
6251,0
6252,1
6253,1
6254,1
6255,1
6256,1
6257,0
6258,1
6259,1
6260,1
6261,0
6262,1
6263,1
6264,0
6265,0
6266,0
6267,0
6268,0
6269,0
6270,1
6271,1
6272,0
6273,1
6274,1
6275,0
6276,1
6277,0
6278,0
6279,0
6280,0
6281,0
6282,1
6283,0
6284,0
6285,0
6286,0
6287,1
6288,1
6289,0
6290,1
6291,0
6292,0
6293,0
6294,1
6295,1
6296,1
6297,0
6298,0
6299,1
6300,0
6301,0
6302,1
6303,0
6304,0
6305,0
6306,0
6307,1
6308,1
6309,0
6310,0
6311,0
6312,0
6313,1
6314,0
6315,1
6316,0
6317,0
6318,1
6319,0
6320,0
6321,0
6322,0
6323,0
6324,1
6325,1
6326,0
6327,1
6328,0
6329,1
6330,1
6331,1
6332,0
6333,1
6334,0
6335,0
6336,1
6337,0
6338,0
6339,1
6340,0
6341,0
6342,1
6343,1
6344,0
6345,0
6346,0
6347,0
6348,0
6349,1
6350,0
6351,0
6352,1
6353,1
6354,1
6355,1
6356,1
6357,1
6358,1
6359,1
6360,0
6361,1
6362,0
6363,0
6364,0
6365,0
6366,0
6367,0
6368,1
6369,1
6370,0
6371,1
6372,0
6373,1
6374,0
6375,0
6376,1
6377,0
6378,0
6379,0
6380,1
6381,0
6382,0
6383,0
6384,0
6385,1
6386,0
6387,0
6388,0
6389,0
6390,0
6391,1
6392,0
6393,1
6394,1
6395,0
6396,0
6397,0
6398,1
6399,1
6400,1
6401,0
6402,0
6403,0
6404,0
6405,1
6406,1
6407,0
6408,0
6409,1
6410,1
6411,1
6412,0
6413,0
6414,0
6415,1
6416,0
6417,0
6418,1
6419,0
6420,0
6421,1
6422,0
6423,0
6424,0
6425,0
6426,1
6427,1
6428,0
6429,0
6430,1
6431,0
6432,1
6433,1
6434,0
6435,0
6436,0
6437,0
6438,0
6439,1
6440,1
6441,0
6442,1
6443,0
6444,0
6445,0
6446,0
6447,0
6448,0
6449,0
6450,1
6451,0
6452,0
6453,0
6454,1
6455,1
6456,1
6457,1
6458,1
6459,0
6460,1
6461,0
6462,1
6463,1
6464,0
6465,0
6466,1
6467,0
6468,1
6469,1
6470,1
6471,0
6472,1
6473,0
6474,1
6475,0
6476,0
6477,1
6478,0
6479,1
6480,1
6481,0
6482,0
6483,0
6484,0
6485,1
6486,0
6487,0
6488,0
6489,1
6490,1
6491,0
6492,0
6493,1
6494,1
6495,1
6496,0
6497,1
6498,0
6499,0
6500,0
6501,1
6502,0
6503,1
6504,0
6505,1
6506,1
6507,0
6508,1
6509,0
6510,0
6511,0
6512,0
6513,0
6514,1
6515,0
6516,0
6517,1
6518,1
6519,0
6520,0
6521,1
6522,0
6523,1
6524,1
6525,1
6526,0
6527,0
6528,0
6529,0
6530,0
6531,1
6532,0
6533,0
6534,1
6535,1
6536,0
6537,0
6538,0
6539,1
6540,0
6541,0
6542,0
6543,0
6544,0
6545,1
6546,0
6547,0
6548,0
6549,1
6550,0
6551,0
6552,1
6553,0
6554,1
6555,1
6556,0
6557,1
6558,0
6559,1
6560,1
6561,1
6562,0
6563,1
6564,1
6565,1
6566,0
6567,0
6568,0
6569,1
6570,0
6571,0
6572,1
6573,1
6574,0
6575,0
6576,1
6577,0
6578,0
6579,1
6580,1
6581,1
6582,0
6583,0
6584,0
6585,0
6586,0
6587,1
6588,1
6589,0
6590,1
6591,0
6592,0
6593,1
6594,1
6595,1
6596,1
6597,0
6598,0
6599,0
6600,0
6601,1
6602,1
6603,0
6604,0
6605,0
6606,1
6607,0
6608,1
6609,1
6610,0
6611,0
6612,0
6613,0
6614,0
6615,0
6616,0
6617,0
6618,0
6619,0
6620,1
6621,1
6622,1
6623,0
6624,0
6625,0
6626,0
6627,1
6628,1
6629,0
6630,0
6631,1
6632,0
6633,0
6634,1
6635,0
6636,0
6637,0
6638,0
6639,1
6640,1
6641,0
6642,1
6643,0
6644,0
6645,1
6646,0
6647,0
6648,1
6649,0
6650,0
6651,0
6652,0
6653,1
6654,1
6655,0
6656,0
6657,1
6658,0
6659,1
6660,1
6661,1
6662,0
6663,1
6664,0
6665,0
6666,1
6667,1
6668,1
6669,0
6670,1
6671,1
6672,1
6673,0
6674,0
6675,0
6676,0
6677,1
6678,0
6679,0
6680,0
6681,0
6682,0
6683,1
6684,0
6685,1
6686,1
6687,0
6688,0
6689,1
6690,1
6691,1
6692,0
6693,0
6694,0
6695,0
6696,1
6697,0
6698,1
6699,0
6700,1
6701,0
6702,0
6703,0
6704,0
6705,1
6706,1
6707,1
6708,1
6709,0
6710,1
6711,0
6712,0
6713,1
6714,0
6715,1
6716,0
6717,1
6718,0
6719,0
6720,1
6721,0
6722,0
6723,1
6724,0
6725,1
6726,0
6727,0
6728,0
6729,0
6730,0
6731,0
6732,1
6733,1
6734,0
6735,0
6736,0
6737,1
6738,0
6739,1
6740,0
6741,0
6742,1
6743,0
6744,1
6745,1
6746,0
6747,1
6748,1
6749,0
6750,0
6751,0
6752,0
6753,0
6754,1
6755,0
6756,0
6757,0
6758,1
6759,1
6760,1
6761,0
6762,0
6763,1
6764,0
6765,1
6766,1
6767,0
6768,0
6769,0
6770,0
6771,1
6772,1
6773,1
6774,1
6775,1
6776,1
6777,1
6778,0
6779,1
6780,1
6781,1
6782,1
6783,1
6784,1
6785,1
6786,1
6787,1
6788,1
6789,1
6790,0
6791,0
6792,1
6793,1
6794,1
6795,1
6796,0
6797,1
6798,0
6799,0
6800,1
6801,1
6802,0
6803,1
6804,1
6805,1
6806,0
6807,1
6808,1
6809,1
6810,0
6811,1
6812,0
6813,0
6814,1
6815,0
6816,0
6817,1
6818,0
6819,0
6820,0
6821,1
6822,0
6823,0
6824,1
6825,0
6826,1
6827,0
6828,1
6829,1
6830,0
6831,0
6832,0
6833,0
6834,0
6835,1
6836,1
6837,0
6838,0
6839,0
6840,0
6841,1
6842,0
6843,0
6844,0
6845,1
6846,0
6847,0
6848,0
6849,0
6850,0
6851,1
6852,0
6853,1
6854,0
6855,1
6856,1
6857,0
6858,1
6859,1
6860,0
6861,0
6862,0
6863,0
6864,0
6865,0
6866,1
6867,1
6868,1
6869,0
6870,1
6871,0
6872,1
6873,0
6874,1
6875,0
6876,1
6877,0
6878,1
6879,0
6880,0
6881,0
6882,0
6883,0
6884,1
6885,1
6886,0
6887,0
6888,1
6889,0
6890,1
6891,1
6892,1
6893,1
6894,1
6895,1
6896,1
6897,1
6898,0
6899,1
6900,1
6901,0
6902,0
6903,0
6904,0
6905,1
6906,1
6907,1
6908,1
6909,0
6910,1
6911,0
6912,1
6913,0
6914,1
6915,1
6916,1
6917,1
6918,0
6919,1
6920,0
6921,0
6922,0
6923,0
6924,1
6925,1
6926,1
6927,0
6928,0
6929,0
6930,0
6931,1
6932,1
6933,1
6934,1
6935,1
6936,1
6937,1
6938,1
6939,1
6940,0
6941,0
6942,1
6943,0
6944,0
6945,1
6946,0
6947,0
6948,1
6949,1
6950,0
6951,1
6952,1
6953,0
6954,0
6955,1
6956,1
6957,1
6958,0
6959,1
6960,0
6961,1
6962,1
6963,0
6964,1
6965,0
6966,0
6967,0
6968,0
6969,0
6970,0
6971,0
6972,1
6973,0
6974,0
6975,0
6976,0
6977,1
6978,0
6979,0
6980,1
6981,1
6982,1
6983,0
6984,0
6985,1
6986,0
6987,1
6988,1
6989,1
6990,0
6991,0
6992,1
6993,0
6994,0
6995,1
6996,1
6997,0
6998,0
6999,1
7000,1
7001,0
7002,1
7003,0
7004,0
7005,1
7006,0
7007,1
7008,0
7009,0
7010,0
7011,0
7012,1
7013,0
7014,1
7015,1
7016,0
7017,0
7018,1
7019,1
7020,1
7021,0
7022,0
7023,0
7024,1
7025,1
7026,1
7027,1
7028,0
7029,1
7030,0
7031,0
7032,1
7033,0
7034,0
7035,0
7036,1
7037,0
7038,0
7039,0
7040,1
7041,1
7042,1
7043,0
7044,1
7045,1
7046,0
7047,0
7048,0
7049,1
7050,0
7051,1
7052,0
7053,1
7054,0
7055,0
7056,0
7057,0
7058,1
7059,0
7060,0
7061,1
7062,0
7063,1
7064,0
7065,0
7066,0
7067,0
7068,1
7069,0
7070,1
7071,1
7072,0
7073,0
7074,0
7075,0
7076,1
7077,1
7078,0
7079,1
7080,1
7081,0
7082,1
7083,1
7084,1
7085,1
7086,0
7087,1
7088,1
7089,1
7090,0
7091,1
7092,0
7093,0
7094,0
7095,0
7096,0
7097,1
7098,1
7099,1
7100,1
7101,1
7102,1
7103,1
7104,0
7105,1
7106,1
7107,1
7108,1
7109,0
7110,0
7111,1
7112,1
7113,1
7114,0
7115,0
7116,0
7117,0
7118,1
7119,0
7120,1
7121,1
7122,1
7123,0
7124,0
7125,1
7126,0
7127,1
7128,0
7129,0
7130,1
7131,1
7132,0
7133,1
7134,0
7135,0
7136,1
7137,0
7138,0
7139,0
7140,0
7141,0
7142,0
7143,1
7144,0
7145,0
7146,1
7147,0
7148,0
7149,0
7150,1
7151,0
7152,1
7153,0
7154,1
7155,0
7156,1
7157,1
7158,0
7159,1
7160,0
7161,1
7162,0
7163,1
7164,0
7165,0
7166,0
7167,1
7168,1
7169,1
7170,1
7171,0
7172,0
7173,0
7174,1
7175,0
7176,1
7177,0
7178,0
7179,1
7180,0
7181,1
7182,1
7183,1
7184,1
7185,1
7186,1
7187,1
7188,1
7189,1
7190,1
7191,0
7192,0
7193,0
7194,0
7195,0
7196,0
7197,0
7198,1
7199,1
7200,0
7201,0
7202,0
7203,1
7204,0
7205,0
7206,1
7207,0
7208,0
7209,1
7210,1
7211,1
7212,0
7213,1
7214,1
7215,0
7216,0
7217,0
7218,0
7219,0
7220,0
7221,1
7222,1
7223,0
7224,0
7225,1
7226,0
7227,1
7228,0
7229,0
7230,0
7231,0
7232,0
7233,0
7234,1
7235,1
7236,0
7237,0
7238,0
7239,1
7240,1
7241,0
7242,0
7243,1
7244,0
7245,0
7246,0
7247,0
7248,0
7249,0
7250,0
7251,1
7252,0
7253,1
7254,1
7255,0
7256,1
7257,0
7258,1
7259,0
7260,0
7261,1
7262,1
7263,1
7264,1
7265,1
7266,1
7267,0
7268,0
7269,0
7270,0
7271,0
7272,1
7273,0
7274,0
7275,1
7276,0
7277,0
7278,0
7279,0
7280,1
7281,0
7282,0
7283,1
7284,0
7285,1
7286,1
7287,0
7288,0
7289,1
7290,1
7291,0
7292,1
7293,0
7294,0
7295,1
7296,0
7297,1
7298,1
7299,1
7300,1
7301,0
7302,1
7303,1
7304,0
7305,0
7306,0
7307,1
7308,1
7309,0
7310,1
7311,1
7312,1
7313,1
7314,0
7315,0
7316,1
7317,1
7318,0
7319,0
7320,1
7321,1
7322,1
7323,0
7324,0
7325,1
7326,1
7327,1
7328,0
7329,1
7330,0
7331,0
7332,0
7333,0
7334,1
7335,0
7336,0
7337,0
7338,1
7339,1
7340,1
7341,1
7342,1
7343,1
7344,1
7345,0
7346,0
7347,0
7348,0
7349,0
7350,0
7351,0
7352,0
7353,0
7354,1
7355,1
7356,0
7357,0
7358,0
7359,1
7360,1
7361,0
7362,0
7363,1
7364,1
7365,0
7366,0
7367,1
7368,0
7369,0
7370,0
7371,0
7372,0
7373,0
7374,0
7375,0
7376,1
7377,0
7378,0
7379,0
7380,0
7381,1
7382,0
7383,0
7384,1
7385,1
7386,1
7387,0
7388,1
7389,1
7390,1
7391,0
7392,1
7393,0
7394,1
7395,1
7396,0
7397,1
7398,0
7399,0
7400,1
7401,1
7402,0
7403,1
7404,0
7405,1
7406,0
7407,0
7408,1
7409,0
7410,0
7411,1
7412,0
7413,1
7414,0
7415,1
7416,0
7417,0
7418,0
7419,0
7420,0
7421,1
7422,0
7423,0
7424,0
7425,0
7426,1
7427,1
7428,1
7429,0
7430,0
7431,1
7432,1
7433,0
7434,1
7435,0
7436,0
7437,0
7438,1
7439,0
7440,0
7441,0
7442,1
7443,0
7444,0
7445,0
7446,1
7447,1
7448,0
7449,0
7450,1
7451,0
7452,0
7453,1
7454,0
7455,1
7456,1
7457,1
7458,1
7459,0
7460,0
7461,0
7462,0
7463,1
7464,1
7465,0
7466,1
7467,0
7468,1
7469,1
7470,0
7471,1
7472,1
7473,1
7474,1
7475,0
7476,1
7477,0
7478,0
7479,0
7480,0
7481,1
7482,0
7483,0
7484,1
7485,1
7486,1
7487,1
7488,1
7489,0
7490,1
7491,0
7492,1
7493,1
7494,1
7495,1
7496,0
7497,0
7498,0
7499,1
7500,0
7501,0
7502,0
7503,1
7504,0
7505,1
7506,1
7507,1
7508,1
7509,1
7510,0
7511,0
7512,0
7513,1
7514,1
7515,1
7516,1
7517,1
7518,1
7519,0
7520,0
7521,1
7522,0
7523,1
7524,0
7525,0
7526,0
7527,1
7528,1
7529,1
7530,0
7531,0
7532,1
7533,1
7534,1
7535,0
7536,0
7537,0
7538,0
7539,0
7540,0
7541,1
7542,1
7543,0
7544,0
7545,0
7546,0
7547,1
7548,0
7549,0
7550,0
7551,0
7552,0
7553,0
7554,0
7555,1
7556,0
7557,0
7558,1
7559,0
7560,0
7561,0
7562,0
7563,0
7564,0
7565,0
7566,0
7567,1
7568,0
7569,0
7570,1
7571,1
7572,0
7573,0
7574,1
7575,1
7576,0
7577,0
7578,0
7579,1
7580,0
7581,1
7582,1
7583,0
7584,0
7585,1
7586,1
7587,0
7588,0
7589,1
7590,1
7591,1
7592,1
7593,1
7594,0
7595,0
7596,0
7597,0
7598,1
7599,0
7600,0
7601,0
7602,0
7603,0
7604,0
7605,1
7606,0
7607,1
7608,0
7609,0
7610,1
7611,0
7612,0
7613,1
7614,1
7615,0
7616,0
7617,0
7618,0
7619,1
7620,0
7621,1
7622,1
7623,0
7624,0
7625,0
7626,1
7627,0
7628,1
7629,1
7630,1
7631,0
7632,1
7633,0
7634,1
7635,1
7636,1
7637,1
7638,0
7639,1
7640,1
7641,1
7642,0
7643,1
7644,0
7645,0
7646,0
7647,1
7648,1
7649,1
7650,0
7651,0
7652,1
7653,1
7654,0
7655,0
7656,0
7657,0
7658,1
7659,0
7660,0
7661,1
7662,1
7663,1
7664,0
7665,1
7666,0
7667,0
7668,0
7669,0
7670,0
7671,1
7672,0
7673,0
7674,0
7675,0
7676,0
7677,1
7678,0
7679,0
7680,1
7681,0
7682,0
7683,0
7684,1
7685,0
7686,1
7687,0
7688,1
7689,1
7690,1
7691,1
7692,0
7693,0
7694,1
7695,0
7696,0
7697,0
7698,1
7699,0
7700,1
7701,0
7702,0
7703,1
7704,0
7705,1
7706,0
7707,0
7708,0
7709,0
7710,0
7711,0
7712,1
7713,1
7714,1
7715,0
7716,0
7717,0
7718,1
7719,0
7720,1
7721,1
7722,1
7723,0
7724,1
7725,0
7726,0
7727,1
7728,1
7729,1
7730,0
7731,1
7732,0
7733,0
7734,0
7735,0
7736,0
7737,1
7738,0
7739,1
7740,0
7741,1
7742,0
7743,0
7744,1
7745,0
7746,0
7747,0
7748,1
7749,0
7750,1
7751,0
7752,0
7753,0
7754,1
7755,0
7756,1
7757,0
7758,0
7759,1
7760,1
7761,0
7762,1
7763,0
7764,0
